candidate_id,rank,score,reasoning
CAND_0000031,1,0.684,"Recommendation Systems Engineer | Search, Ranking & Retrieval with 6.0 years experience"
CAND_0000422,2,0.644,AI Research Engineer | Data Science & ML enthusiast with 6.3 years experience
CAND_0000082,3,0.598,Data Analyst | 7.4+ yrs in data engineering with 7.4 years experience
CAND_0000969,4,0.594,AI Specialist | 5.5 yrs in analytics & ML with 5.5 years experience
CAND_0000874,5,0.591,"Senior Software Engineer | SQL, Spark, Cloud with 6.3 years experience"
CAND_0000343,6,0.563,Analytics Engineer | Data pipelines & analytics with 6.4 years experience
CAND_0000981,7,0.563,ML Engineer | Data Science & ML enthusiast with 6.4 years experience
CAND_0000273,8,0.562,ML Engineer | 5.8 yrs in analytics & ML with 5.8 years experience
CAND_0000878,9,0.561,Backend Engineer | Data pipelines & analytics with 6.9 years experience
CAND_0000227,10,0.543,Data Analyst | 7.6+ yrs in data engineering with 7.6 years experience
CAND_0000859,11,0.542,"Senior Software Engineer | SQL, Spark, Cloud with 5.9 years experience"
CAND_0000043,12,0.54,Cloud Engineer | Full-stack development with 8.3 years experience
CAND_0000165,13,0.54,AI Specialist | Building ML-powered solutions with 6.8 years experience
CAND_0000426,14,0.539,QA Engineer | Backend systems & APIs with 5.9 years experience
CAND_0000821,15,0.535,Mechanical Engineer | AI enthusiast | Building with LLMs with 6.9 years experience
CAND_0000930,16,0.533,Software Engineer | Backend systems & APIs with 9.0 years experience
CAND_0000611,17,0.533,Software Engineer | Cloud & DevOps with 7.1 years experience
CAND_0000790,18,0.532,Data Analyst | Data pipelines & analytics with 7.9 years experience
CAND_0000797,19,0.531,Backend Engineer | Data pipelines & analytics with 3.5 years experience
CAND_0000243,20,0.529,Java Developer | Cloud & DevOps with 5.7 years experience
CAND_0000390,21,0.529,Backend Engineer | 6.6+ yrs in data engineering with 6.6 years experience
CAND_0000666,22,0.527,Data Scientist | Building ML-powered solutions with 6.5 years experience
CAND_0000142,23,0.526,Mobile Developer | Full-stack development with 5.1 years experience
CAND_0000015,24,0.525,Software Engineer | Cloud & DevOps with 5.4 years experience
CAND_0000225,25,0.525,"Analytics Engineer | SQL, Spark, Cloud with 5.0 years experience"
CAND_0000526,26,0.525,Full Stack Developer | Backend systems & APIs with 5.8 years experience
CAND_0000719,27,0.524,Software Engineer | Backend systems & APIs with 8.8 years experience
CAND_0000200,28,0.52,ML Engineer | Data Science & ML enthusiast with 4.3 years experience
CAND_0000970,29,0.516,Data Engineer | Data pipelines & analytics with 3.0 years experience
CAND_0000014,30,0.514,Frontend Engineer | Full-stack development with 8.4 years experience
CAND_0000805,31,0.514,Cloud Engineer | Cloud & DevOps with 5.0 years experience
CAND_0000705,32,0.511,AI Research Engineer | Building ML-powered solutions with 3.6 years experience
CAND_0000389,33,0.508,Operations Manager | AI enthusiast | Building with LLMs with 5.4 years experience
CAND_0000584,34,0.504,Analytics Engineer | 7.3+ yrs in data engineering with 7.3 years experience
CAND_0000973,35,0.502,Software Engineer | Data pipelines & analytics with 8.0 years experience
CAND_0000932,36,0.5,Operations Manager | Exploring AI & GenAI applications with 6.9 years experience
CAND_0000917,37,0.5,QA Engineer | Cloud & DevOps with 5.8 years experience
CAND_0000352,38,0.499,QA Engineer | Full-stack development with 4.7 years experience
CAND_0000440,39,0.499,Software Engineer | Data pipelines & analytics with 7.5 years experience
CAND_0000633,40,0.498,Software Engineer | 6.4+ yrs in data engineering with 6.4 years experience
CAND_0000724,41,0.498,Frontend Engineer | Backend systems & APIs with 6.0 years experience
CAND_0000395,42,0.496,"Analytics Engineer | SQL, Spark, Cloud with 3.8 years experience"
CAND_0000665,43,0.494,Senior Software Engineer | 6.2+ yrs in data engineering with 6.2 years experience
CAND_0000263,44,0.493,Software Engineer | Cloud & DevOps with 5.4 years experience
CAND_0000280,45,0.492,Mobile Developer | Full-stack development with 8.2 years experience
CAND_0000623,46,0.492,Java Developer | Full-stack development with 5.1 years experience
CAND_0000130,47,0.491,Cloud Engineer | Cloud & DevOps with 8.6 years experience
CAND_0000704,48,0.49,Data Analyst | Data pipelines & analytics with 3.3 years experience
CAND_0000671,49,0.49,Project Manager | AI enthusiast | Building with LLMs with 5.2 years experience
CAND_0000921,50,0.489,Sales Executive | Generative AI explorer with 7.1 years experience
CAND_0000693,51,0.489,Java Developer | Backend systems & APIs with 6.2 years experience
CAND_0000576,52,0.489,Content Writer | AI enthusiast | Building with LLMs with 6.2 years experience
CAND_0000938,53,0.488,Full Stack Developer | Full-stack development with 6.6 years experience
CAND_0000417,54,0.485,Full Stack Developer | Cloud & DevOps with 7.8 years experience
CAND_0000354,55,0.485,Analytics Engineer | Data pipelines & analytics with 6.3 years experience
CAND_0000198,56,0.485,Software Engineer | Backend systems & APIs with 6.3 years experience
CAND_0000001,57,0.484,"Backend Engineer | SQL, Spark, Cloud with 6.9 years experience"
CAND_0000187,58,0.484,DevOps Engineer | Full-stack development with 6.6 years experience
CAND_0000799,59,0.483,Cloud Engineer | Cloud & DevOps with 5.0 years experience
CAND_0000134,60,0.482,Full Stack Developer | Backend systems & APIs with 8.6 years experience
CAND_0000664,61,0.481,Accountant | Generative AI explorer with 7.4 years experience
CAND_0000718,62,0.481,QA Engineer | Cloud & DevOps with 5.0 years experience
CAND_0000560,63,0.48,Frontend Engineer | Backend systems & APIs with 6.5 years experience
CAND_0000360,64,0.479,Mobile Developer | Full-stack development with 8.6 years experience
CAND_0000745,65,0.479,Mobile Developer | Backend systems & APIs with 7.4 years experience
CAND_0000025,66,0.479,Frontend Engineer | Cloud & DevOps with 7.3 years experience
CAND_0000121,67,0.478,Customer Support | Generative AI explorer with 3.7 years experience
CAND_0000649,68,0.478,Data Engineer | Data pipelines & analytics with 4.5 years experience
CAND_0000782,69,0.477,Software Engineer | Full-stack development with 4.6 years experience
CAND_0000136,70,0.475,QA Engineer | Backend systems & APIs with 6.5 years experience
CAND_0000967,71,0.474,HR Manager | Exploring AI & GenAI applications with 5.1 years experience
CAND_0000802,72,0.474,Full Stack Developer | Full-stack development with 5.6 years experience
CAND_0000032,73,0.474,.NET Developer | Full-stack development with 8.1 years experience
CAND_0000727,74,0.474,Full Stack Developer | Cloud & DevOps with 5.2 years experience
CAND_0000803,75,0.473,Marketing Manager | Exploring AI & GenAI applications with 6.7 years experience
CAND_0000210,76,0.472,Senior Data Engineer | Data pipelines & analytics with 6.3 years experience
CAND_0000255,77,0.472,Cloud Engineer | Cloud & DevOps with 8.0 years experience
CAND_0000545,78,0.469,Software Engineer | Cloud & DevOps with 6.1 years experience
CAND_0000116,79,0.468,Full Stack Developer | Cloud & DevOps with 7.3 years experience
CAND_0000345,80,0.468,"Data Engineer | SQL, Spark, Cloud with 4.3 years experience"
CAND_0000895,81,0.467,DevOps Engineer | Full-stack development with 5.1 years experience
CAND_0000010,82,0.466,Data Engineer | Data pipelines & analytics with 4.6 years experience
CAND_0000454,83,0.466,"Data Analyst | SQL, Spark, Cloud with 5.8 years experience"
CAND_0000333,84,0.466,Software Engineer | Full-stack development with 7.4 years experience
CAND_0000075,85,0.465,Full Stack Developer | Full-stack development with 5.2 years experience
CAND_0000646,86,0.465,Software Engineer | Full-stack development with 4.2 years experience
CAND_0000739,87,0.465,Civil Engineer | AI enthusiast | Building with LLMs with 11.1 years experience
CAND_0000854,88,0.465,"Data Analyst | SQL, Spark, Cloud with 7.1 years experience"
CAND_0000038,89,0.465,Java Developer | Cloud & DevOps with 6.7 years experience
CAND_0000238,90,0.464,Cloud Engineer | Backend systems & APIs with 7.6 years experience
CAND_0000760,91,0.463,Software Engineer | Full-stack development with 9.9 years experience
CAND_0000160,92,0.463,Software Engineer | Cloud & DevOps with 7.0 years experience
CAND_0000112,93,0.462,AI Specialist | Building ML-powered solutions with 3.8 years experience
CAND_0000742,94,0.461,Mobile Developer | Backend systems & APIs with 7.7 years experience
CAND_0000063,95,0.46,Java Developer | Cloud & DevOps with 5.4 years experience
CAND_0000055,96,0.459,Full Stack Developer | Backend systems & APIs with 7.3 years experience
CAND_0000947,97,0.458,Analytics Engineer | 3.8+ yrs in data engineering with 3.8 years experience
CAND_0000203,98,0.457,Operations Manager | AI enthusiast | Building with LLMs with 4.0 years experience
CAND_0000139,99,0.456,Customer Support | 5.6+ yrs experience with 5.6 years experience
CAND_0000903,100,0.456,DevOps Engineer | Backend systems & APIs with 8.6 years experience
CAND_0000097,101,0.455,Mechanical Engineer | AI enthusiast | Building with LLMs with 5.8 years experience
CAND_0000287,102,0.455,Sales Executive | Driving business outcomes with 6.2 years experience
CAND_0000088,103,0.455,Java Developer | Cloud & DevOps with 7.6 years experience
CAND_0000104,104,0.454,Mobile Developer | Full-stack development with 8.1 years experience
CAND_0000193,105,0.454,Sales Executive | Driving business outcomes with 5.7 years experience
CAND_0000987,106,0.454,Sales Executive | AI enthusiast | Building with LLMs with 4.7 years experience
CAND_0000391,107,0.453,Java Developer | Cloud & DevOps with 3.6 years experience
CAND_0000909,108,0.453,Cloud Engineer | Full-stack development with 8.0 years experience
CAND_0000683,109,0.453,Graphic Designer | AI enthusiast | Building with LLMs with 6.2 years experience
CAND_0000915,110,0.453,Mechanical Engineer | Exploring AI & GenAI applications with 9.3 years experience
CAND_0000681,111,0.453,Java Developer | Cloud & DevOps with 7.2 years experience
CAND_0000627,112,0.453,Frontend Engineer | Full-stack development with 7.0 years experience
CAND_0000937,113,0.453,Cloud Engineer | Backend systems & APIs with 3.6 years experience
CAND_0000051,114,0.451,Cloud Engineer | Cloud & DevOps with 6.2 years experience
CAND_0000771,115,0.451,Mobile Developer | Backend systems & APIs with 5.1 years experience
CAND_0000508,116,0.45,Backend Engineer | 4.6+ yrs in data engineering with 4.6 years experience
CAND_0000978,117,0.45,Software Engineer | Backend systems & APIs with 4.3 years experience
CAND_0000911,118,0.45,Cloud Engineer | Full-stack development with 7.7 years experience
CAND_0000943,119,0.449,Cloud Engineer | Full-stack development with 5.3 years experience
CAND_0000110,120,0.448,Software Engineer | Backend systems & APIs with 9.8 years experience
CAND_0000182,121,0.447,QA Engineer | Backend systems & APIs with 5.5 years experience
CAND_0000302,122,0.444,Frontend Engineer | Backend systems & APIs with 7.4 years experience
CAND_0000600,123,0.444,Software Engineer | Cloud & DevOps with 3.6 years experience
CAND_0000517,124,0.443,Frontend Engineer | Backend systems & APIs with 8.6 years experience
CAND_0000044,125,0.443,Frontend Engineer | Backend systems & APIs with 5.7 years experience
CAND_0000928,126,0.443,Frontend Engineer | Cloud & DevOps with 6.2 years experience
CAND_0000158,127,0.442,Frontend Engineer | Cloud & DevOps with 4.4 years experience
CAND_0000408,128,0.442,.NET Developer | Cloud & DevOps with 3.2 years experience
CAND_0000370,129,0.442,Java Developer | Cloud & DevOps with 5.9 years experience
CAND_0000541,130,0.442,Business Analyst | AI enthusiast | Building with LLMs with 11.6 years experience
CAND_0000146,131,0.441,Sales Executive | Driving business outcomes with 6.6 years experience
CAND_0000733,132,0.44,Cloud Engineer | Full-stack development with 9.1 years experience
CAND_0000120,133,0.44,Graphic Designer | Exploring AI & GenAI applications with 5.7 years experience
CAND_0000870,134,0.439,Cloud Engineer | Backend systems & APIs with 7.4 years experience
CAND_0000980,135,0.438,Software Engineer | Backend systems & APIs with 7.8 years experience
CAND_0000884,136,0.438,Software Engineer | Backend systems & APIs with 6.0 years experience
CAND_0000298,137,0.438,Frontend Engineer | Backend systems & APIs with 5.3 years experience
CAND_0000184,138,0.437,"Software Engineer | SQL, Spark, Cloud with 4.9 years experience"
CAND_0000839,139,0.437,Mechanical Engineer | Exploring AI & GenAI applications with 10.9 years experience
CAND_0000307,140,0.437,QA Engineer | Cloud & DevOps with 6.8 years experience
CAND_0000862,141,0.437,Content Writer | Exploring AI & GenAI applications with 11.1 years experience
CAND_0000458,142,0.437,Software Engineer | Full-stack development with 8.0 years experience
CAND_0000770,143,0.434,Mechanical Engineer | Exploring AI & GenAI applications with 8.9 years experience
CAND_0000410,144,0.434,Graphic Designer | Exploring AI & GenAI applications with 10.1 years experience
CAND_0000204,145,0.434,Sales Executive | 3.5+ yrs experience with 3.5 years experience
CAND_0000691,146,0.434,Software Engineer | Backend systems & APIs with 3.1 years experience
CAND_0000185,147,0.434,Cloud Engineer | Cloud & DevOps with 6.1 years experience
CAND_0000072,148,0.433,Frontend Engineer | Backend systems & APIs with 7.0 years experience
CAND_0000933,149,0.433,DevOps Engineer | Full-stack development with 7.5 years experience
CAND_0000906,150,0.433,Marketing Manager | Exploring AI & GenAI applications with 3.0 years experience
CAND_0000520,151,0.433,Sales Executive | Helping teams scale with 9.0 years experience
CAND_0000755,152,0.433,Software Engineer | Full-stack development with 5.2 years experience
CAND_0000310,153,0.432,Sales Executive | 5.6+ yrs experience with 5.6 years experience
CAND_0000461,154,0.431,Java Developer | Full-stack development with 6.7 years experience
CAND_0000872,155,0.431,Mobile Developer | Backend systems & APIs with 7.9 years experience
CAND_0000635,156,0.431,Software Engineer | Cloud & DevOps with 5.6 years experience
CAND_0000211,157,0.431,Operations Manager | AI enthusiast | Building with LLMs with 5.0 years experience
CAND_0000212,158,0.43,Customer Support | AI enthusiast | Building with LLMs with 13.0 years experience
CAND_0000312,159,0.43,Content Writer | Exploring AI & GenAI applications with 11.5 years experience
CAND_0000127,160,0.43,Mobile Developer | Full-stack development with 6.7 years experience
CAND_0000588,161,0.429,DevOps Engineer | Cloud & DevOps with 5.8 years experience
CAND_0000060,162,0.428,Cloud Engineer | Cloud & DevOps with 8.0 years experience
CAND_0000654,163,0.428,QA Engineer | Full-stack development with 4.4 years experience
CAND_0000061,164,0.427,DevOps Engineer | Backend systems & APIs with 7.7 years experience
CAND_0000190,165,0.426,"Backend Engineer | SQL, Spark, Cloud with 3.7 years experience"
CAND_0000578,166,0.426,Data Engineer | 6.9+ yrs in data engineering with 6.9 years experience
CAND_0000990,167,0.426,Java Developer | Cloud & DevOps with 4.8 years experience
CAND_0000547,168,0.426,Java Developer | Backend systems & APIs with 4.6 years experience
CAND_0000530,169,0.425,.NET Developer | Full-stack development with 5.9 years experience
CAND_0000313,170,0.425,Software Engineer | Backend systems & APIs with 7.0 years experience
CAND_0000993,171,0.424,Full Stack Developer | Full-stack development with 6.1 years experience
CAND_0000482,172,0.424,.NET Developer | Backend systems & APIs with 4.3 years experience
CAND_0000223,173,0.423,Java Developer | Cloud & DevOps with 6.1 years experience
CAND_0000468,174,0.423,Frontend Engineer | Backend systems & APIs with 5.0 years experience
CAND_0000267,175,0.423,Sales Executive | 3.3+ yrs experience with 3.3 years experience
CAND_0000285,176,0.422,Frontend Engineer | Full-stack development with 3.5 years experience
CAND_0000655,177,0.421,.NET Developer | Cloud & DevOps with 3.8 years experience
CAND_0000866,178,0.421,DevOps Engineer | Backend systems & APIs with 5.6 years experience
CAND_0000180,179,0.42,Customer Support | 8.5+ yrs experience with 8.5 years experience
CAND_0000553,180,0.42,Software Engineer | Cloud & DevOps with 9.3 years experience
CAND_0000927,181,0.42,Civil Engineer | AI enthusiast | Building with LLMs with 11.4 years experience
CAND_0000128,182,0.418,Mobile Developer | Cloud & DevOps with 8.5 years experience
CAND_0000844,183,0.418,QA Engineer | Backend systems & APIs with 7.4 years experience
CAND_0000262,184,0.417,Full Stack Developer | Full-stack development with 4.9 years experience
CAND_0000404,185,0.416,Java Developer | Backend systems & APIs with 8.2 years experience
CAND_0000077,186,0.416,Frontend Engineer | Backend systems & APIs with 8.7 years experience
CAND_0000612,187,0.416,Java Developer | Full-stack development with 8.2 years experience
CAND_0000062,188,0.416,DevOps Engineer | Cloud & DevOps with 4.3 years experience
CAND_0000489,189,0.416,DevOps Engineer | Backend systems & APIs with 3.9 years experience
CAND_0000317,190,0.414,DevOps Engineer | Full-stack development with 3.1 years experience
CAND_0000018,191,0.414,Frontend Engineer | Full-stack development with 6.6 years experience
CAND_0000027,192,0.414,DevOps Engineer | Cloud & DevOps with 3.9 years experience
CAND_0000618,193,0.413,Full Stack Developer | Backend systems & APIs with 8.3 years experience
CAND_0000737,194,0.412,Frontend Engineer | Full-stack development with 4.6 years experience
CAND_0000275,195,0.412,Java Developer | Backend systems & APIs with 7.8 years experience
CAND_0000501,196,0.412,DevOps Engineer | Full-stack development with 6.0 years experience
CAND_0000330,197,0.411,Civil Engineer | Exploring AI & GenAI applications with 12.0 years experience
CAND_0000152,198,0.411,QA Engineer | Backend systems & APIs with 4.0 years experience
CAND_0000331,199,0.411,DevOps Engineer | Backend systems & APIs with 5.5 years experience
CAND_0000191,200,0.411,Java Developer | Cloud & DevOps with 5.0 years experience
CAND_0000196,201,0.41,QA Engineer | Full-stack development with 4.2 years experience
CAND_0000599,202,0.409,QA Engineer | Cloud & DevOps with 7.8 years experience
CAND_0000775,203,0.409,Software Engineer | Data pipelines & analytics with 3.3 years experience
CAND_0000140,204,0.409,Civil Engineer | Driving business outcomes with 8.1 years experience
CAND_0000505,205,0.409,Accountant | AI enthusiast | Building with LLMs with 9.2 years experience
CAND_0000538,206,0.409,Customer Support | Driving business outcomes with 5.0 years experience
CAND_0000971,207,0.408,Mobile Developer | Cloud & DevOps with 4.3 years experience
CAND_0000091,208,0.408,Frontend Engineer | Cloud & DevOps with 3.6 years experience
CAND_0000388,209,0.407,HR Manager | Generative AI explorer with 6.0 years experience
CAND_0000975,210,0.407,Java Developer | Cloud & DevOps with 7.7 years experience
CAND_0000361,211,0.406,HR Manager | Generative AI explorer with 10.2 years experience
CAND_0000125,212,0.406,Sales Executive | Helping teams scale with 6.5 years experience
CAND_0000801,213,0.405,Full Stack Developer | Backend systems & APIs with 3.4 years experience
CAND_0000784,214,0.404,Java Developer | Full-stack development with 3.8 years experience
CAND_0000935,215,0.404,Civil Engineer | Driving business outcomes with 5.7 years experience
CAND_0000985,216,0.404,Software Engineer | Full-stack development with 5.6 years experience
CAND_0000751,217,0.404,Sales Executive | Driving business outcomes with 7.2 years experience
CAND_0000996,218,0.404,"Senior Data Engineer | SQL, Spark, Cloud with 3.6 years experience"
CAND_0000944,219,0.403,Senior Software Engineer | Data pipelines & analytics with 4.1 years experience
CAND_0000715,220,0.403,QA Engineer | Cloud & DevOps with 9.7 years experience
CAND_0000564,221,0.402,Frontend Engineer | Backend systems & APIs with 6.5 years experience
CAND_0000579,222,0.402,Sales Executive | Driving business outcomes with 8.3 years experience
CAND_0000593,223,0.401,Customer Support | 6.2+ yrs experience with 6.2 years experience
CAND_0000552,224,0.401,Accountant | AI enthusiast | Building with LLMs with 4.0 years experience
CAND_0000117,225,0.401,QA Engineer | Backend systems & APIs with 7.9 years experience
CAND_0000757,226,0.399,Customer Support | Helping teams scale with 6.6 years experience
CAND_0000820,227,0.399,Backend Engineer | Data pipelines & analytics with 2.5 years experience
CAND_0000631,228,0.399,Cloud Engineer | Full-stack development with 8.5 years experience
CAND_0000540,229,0.398,DevOps Engineer | Backend systems & APIs with 5.9 years experience
CAND_0000837,230,0.398,QA Engineer | Backend systems & APIs with 5.3 years experience
CAND_0000877,231,0.398,Java Developer | Backend systems & APIs with 5.2 years experience
CAND_0000083,232,0.398,Graphic Designer | Generative AI explorer with 6.7 years experience
CAND_0000480,233,0.398,Software Engineer | Backend systems & APIs with 5.9 years experience
CAND_0000493,234,0.397,Operations Manager | Helping teams scale with 5.5 years experience
CAND_0000228,235,0.397,Frontend Engineer | Cloud & DevOps with 4.0 years experience
CAND_0000131,236,0.396,Data Analyst | 4.8+ yrs in data engineering with 4.8 years experience
CAND_0000628,237,0.396,Analytics Engineer | Data pipelines & analytics with 2.1 years experience
CAND_0000604,238,0.396,Java Developer | Backend systems & APIs with 5.4 years experience
CAND_0000703,239,0.395,Mobile Developer | Full-stack development with 7.9 years experience
CAND_0000054,240,0.395,QA Engineer | Cloud & DevOps with 4.9 years experience
CAND_0000964,241,0.395,Sales Executive | Helping teams scale with 7.2 years experience
CAND_0000684,242,0.394,Java Developer | Full-stack development with 5.1 years experience
CAND_0000876,243,0.393,Mobile Developer | Backend systems & APIs with 7.2 years experience
CAND_0000786,244,0.392,Cloud Engineer | Full-stack development with 4.9 years experience
CAND_0000780,245,0.392,Business Analyst | 5.2+ yrs experience with 5.2 years experience
CAND_0000220,246,0.392,Marketing Manager | AI enthusiast | Building with LLMs with 10.9 years experience
CAND_0000274,247,0.391,Frontend Engineer | Backend systems & APIs with 3.0 years experience
CAND_0000951,248,0.391,Cloud Engineer | Cloud & DevOps with 7.8 years experience
CAND_0000101,249,0.39,Customer Support | Driving business outcomes with 7.0 years experience
CAND_0000124,250,0.39,Operations Manager | 7.6+ yrs experience with 7.6 years experience
CAND_0000271,251,0.39,Sales Executive | 7.7+ yrs experience with 7.7 years experience
CAND_0000421,252,0.386,Graphic Designer | Exploring AI & GenAI applications with 4.5 years experience
CAND_0000183,253,0.386,Sales Executive | Driving business outcomes with 3.9 years experience
CAND_0000852,254,0.386,Senior Software Engineer | 4.8+ yrs in data engineering with 4.8 years experience
CAND_0000466,255,0.385,.NET Developer | Cloud & DevOps with 8.8 years experience
CAND_0000961,256,0.384,Customer Support | Driving business outcomes with 6.2 years experience
CAND_0000814,257,0.384,QA Engineer | Cloud & DevOps with 4.8 years experience
CAND_0000926,258,0.384,.NET Developer | Backend systems & APIs with 3.1 years experience
CAND_0000652,259,0.384,"Backend Engineer | SQL, Spark, Cloud with 2.1 years experience"
CAND_0000209,260,0.384,Customer Support | Driving business outcomes with 10.3 years experience
CAND_0000675,261,0.384,Frontend Engineer | Backend systems & APIs with 5.8 years experience
CAND_0000614,262,0.383,Full Stack Developer | Cloud & DevOps with 7.9 years experience
CAND_0000477,263,0.383,QA Engineer | Full-stack development with 3.3 years experience
CAND_0000875,264,0.383,Accountant | Generative AI explorer with 3.5 years experience
CAND_0000855,265,0.383,QA Engineer | Cloud & DevOps with 6.1 years experience
CAND_0000767,266,0.383,Mobile Developer | Backend systems & APIs with 3.3 years experience
CAND_0000322,267,0.382,HR Manager | Exploring AI & GenAI applications with 12.0 years experience
CAND_0000494,268,0.381,Software Engineer | Backend systems & APIs with 3.4 years experience
CAND_0000155,269,0.381,Software Engineer | 3.2+ yrs in data engineering with 3.2 years experience
CAND_0000931,270,0.38,Sales Executive | Helping teams scale with 4.1 years experience
CAND_0000485,271,0.38,Sales Executive | 4.5+ yrs experience with 4.5 years experience
CAND_0000522,272,0.379,Software Engineer | Cloud & DevOps with 9.2 years experience
CAND_0000592,273,0.379,.NET Developer | Cloud & DevOps with 9.7 years experience
CAND_0000984,274,0.379,DevOps Engineer | Backend systems & APIs with 9.8 years experience
CAND_0000156,275,0.378,Civil Engineer | Driving business outcomes with 5.5 years experience
CAND_0000348,276,0.378,QA Engineer | Cloud & DevOps with 7.1 years experience
CAND_0000899,277,0.378,Full Stack Developer | Backend systems & APIs with 4.1 years experience
CAND_0000777,278,0.378,Mechanical Engineer | Driving business outcomes with 7.5 years experience
CAND_0000394,279,0.378,QA Engineer | Full-stack development with 6.9 years experience
CAND_0000965,280,0.378,Software Engineer | Full-stack development with 6.2 years experience
CAND_0000218,281,0.377,Operations Manager | Driving business outcomes with 6.2 years experience
CAND_0000828,282,0.377,Project Manager | Generative AI explorer with 10.1 years experience
CAND_0000847,283,0.376,HR Manager | Exploring AI & GenAI applications with 14.5 years experience
CAND_0000206,284,0.376,Mobile Developer | Cloud & DevOps with 9.2 years experience
CAND_0000216,285,0.375,Customer Support | Helping teams scale with 6.0 years experience
CAND_0000500,286,0.375,HR Manager | Driving business outcomes with 7.5 years experience
CAND_0000531,287,0.374,Customer Support | Driving business outcomes with 5.4 years experience
CAND_0000096,288,0.374,QA Engineer | Full-stack development with 3.2 years experience
CAND_0000411,289,0.374,"Analytics Engineer | SQL, Spark, Cloud with 2.8 years experience"
CAND_0000596,290,0.373,Cloud Engineer | Full-stack development with 4.8 years experience
CAND_0000615,291,0.373,Frontend Engineer | Cloud & DevOps with 3.1 years experience
CAND_0000510,292,0.373,Mobile Developer | Full-stack development with 10.0 years experience
CAND_0000418,293,0.373,Frontend Engineer | Full-stack development with 9.0 years experience
CAND_0000234,294,0.372,Frontend Engineer | Full-stack development with 1.4 years experience
CAND_0000869,295,0.371,Frontend Engineer | Backend systems & APIs with 4.2 years experience
CAND_0000905,296,0.37,Frontend Engineer | Cloud & DevOps with 3.4 years experience
CAND_0000580,297,0.369,Customer Support | 7.9+ yrs experience with 7.9 years experience
CAND_0000401,298,0.369,Customer Support | 7.7+ yrs experience with 7.7 years experience
CAND_0000570,299,0.369,DevOps Engineer | Backend systems & APIs with 3.5 years experience
CAND_0000851,300,0.369,Customer Support | 5.2+ yrs experience with 5.2 years experience
CAND_0000630,301,0.368,Civil Engineer | Driving business outcomes with 8.7 years experience
CAND_0000667,302,0.367,Customer Support | Driving business outcomes with 7.9 years experience
CAND_0000452,303,0.366,Senior Data Engineer | 2.9+ yrs in data engineering with 2.9 years experience
CAND_0000738,304,0.366,Graphic Designer | Generative AI explorer with 3.4 years experience
CAND_0000451,305,0.366,Sales Executive | Driving business outcomes with 8.2 years experience
CAND_0000764,306,0.365,Java Developer | Backend systems & APIs with 3.9 years experience
CAND_0000761,307,0.365,Java Developer | Full-stack development with 4.4 years experience
CAND_0000364,308,0.364,QA Engineer | Cloud & DevOps with 8.6 years experience
CAND_0000023,309,0.364,Software Engineer | Cloud & DevOps with 3.7 years experience
CAND_0000796,310,0.364,Operations Manager | Driving business outcomes with 8.6 years experience
CAND_0000919,311,0.364,DevOps Engineer | Backend systems & APIs with 9.4 years experience
CAND_0000159,312,0.364,Java Developer | Full-stack development with 4.4 years experience
CAND_0000179,313,0.364,.NET Developer | Cloud & DevOps with 3.2 years experience
CAND_0000534,314,0.364,DevOps Engineer | Full-stack development with 4.7 years experience
CAND_0000147,315,0.364,Civil Engineer | 5.2+ yrs experience with 5.2 years experience
CAND_0000132,316,0.364,Sales Executive | Driving business outcomes with 7.7 years experience
CAND_0000259,317,0.363,Customer Support | Helping teams scale with 6.7 years experience
CAND_0000640,318,0.362,Sales Executive | Helping teams scale with 9.6 years experience
CAND_0000319,319,0.362,Project Manager | Helping teams scale with 7.4 years experience
CAND_0000679,320,0.362,Frontend Engineer | Cloud & DevOps with 4.0 years experience
CAND_0000213,321,0.361,Cloud Engineer | Backend systems & APIs with 3.0 years experience
CAND_0000068,322,0.361,Java Developer | Full-stack development with 1.5 years experience
CAND_0000998,323,0.36,Mechanical Engineer | 8.4+ yrs experience with 8.4 years experience
CAND_0000254,324,0.36,Java Developer | Full-stack development with 5.7 years experience
CAND_0000441,325,0.359,Sales Executive | Driving business outcomes with 7.5 years experience
CAND_0000575,326,0.358,Frontend Engineer | Backend systems & APIs with 3.7 years experience
CAND_0000913,327,0.357,Cloud Engineer | Cloud & DevOps with 3.7 years experience
CAND_0000294,328,0.357,Mechanical Engineer | Helping teams scale with 8.6 years experience
CAND_0000178,329,0.355,Sales Executive | 8.3+ yrs experience with 8.3 years experience
CAND_0000609,330,0.355,Customer Support | Driving business outcomes with 6.8 years experience
CAND_0000707,331,0.354,Civil Engineer | Helping teams scale with 7.5 years experience
CAND_0000716,332,0.354,Mechanical Engineer | Driving business outcomes with 5.3 years experience
CAND_0000007,333,0.353,Civil Engineer | 5.5+ yrs experience with 5.5 years experience
CAND_0000676,334,0.353,Civil Engineer | Helping teams scale with 7.3 years experience
CAND_0000766,335,0.352,QA Engineer | Backend systems & APIs with 2.7 years experience
CAND_0000759,336,0.351,Marketing Manager | Helping teams scale with 7.0 years experience
CAND_0000108,337,0.351,Full Stack Developer | Full-stack development with 3.6 years experience
CAND_0000292,338,0.351,Data Analyst | Data pipelines & analytics with 2.0 years experience
CAND_0000699,339,0.35,Business Analyst | Exploring AI & GenAI applications with 4.7 years experience
CAND_0000620,340,0.35,Mobile Developer | Full-stack development with 4.3 years experience
CAND_0000208,341,0.35,Customer Support | 4.2+ yrs experience with 4.2 years experience
CAND_0000320,342,0.349,Customer Support | 8.0+ yrs experience with 8.0 years experience
CAND_0000295,343,0.348,Frontend Engineer | Full-stack development with 7.8 years experience
CAND_0000021,344,0.347,Project Manager | AI enthusiast | Building with LLMs with 14.5 years experience
CAND_0000536,345,0.347,DevOps Engineer | Backend systems & APIs with 1.7 years experience
CAND_0000789,346,0.347,Accountant | Driving business outcomes with 8.4 years experience
CAND_0000093,347,0.346,Civil Engineer | 8.2+ yrs experience with 8.2 years experience
CAND_0000841,348,0.345,Graphic Designer | Helping teams scale with 8.1 years experience
CAND_0000347,349,0.345,Civil Engineer | Driving business outcomes with 6.2 years experience
CAND_0000952,350,0.345,Full Stack Developer | Backend systems & APIs with 8.3 years experience
CAND_0000249,351,0.344,QA Engineer | Full-stack development with 9.1 years experience
CAND_0000260,352,0.344,Mobile Developer | Full-stack development with 3.8 years experience
CAND_0000297,353,0.344,Civil Engineer | 6.5+ yrs experience with 6.5 years experience
CAND_0000762,354,0.342,Business Analyst | Helping teams scale with 6.9 years experience
CAND_0000920,355,0.342,QA Engineer | Cloud & DevOps with 9.7 years experience
CAND_0000046,356,0.341,Mechanical Engineer | 7.8+ yrs experience with 7.8 years experience
CAND_0000445,357,0.341,Cloud Engineer | Full-stack development with 9.5 years experience
CAND_0000357,358,0.34,Civil Engineer | Driving business outcomes with 7.7 years experience
CAND_0000815,359,0.339,Project Manager | AI enthusiast | Building with LLMs with 2.5 years experience
CAND_0000035,360,0.339,Full Stack Developer | Backend systems & APIs with 4.3 years experience
CAND_0000486,361,0.339,Sales Executive | 7.8+ yrs experience with 7.8 years experience
CAND_0000991,362,0.338,Mechanical Engineer | Driving business outcomes with 8.6 years experience
CAND_0000423,363,0.338,Sales Executive | Driving business outcomes with 3.6 years experience
CAND_0000499,364,0.338,Mechanical Engineer | 11.0+ yrs experience with 11.0 years experience
CAND_0000403,365,0.338,Customer Support | Helping teams scale with 5.3 years experience
CAND_0000582,366,0.338,Mechanical Engineer | Helping teams scale with 6.6 years experience
CAND_0000912,367,0.337,Accountant | Helping teams scale with 8.2 years experience
CAND_0000135,368,0.336,Civil Engineer | Driving business outcomes with 8.2 years experience
CAND_0000610,369,0.335,Customer Support | 4.0+ yrs experience with 4.0 years experience
CAND_0000572,370,0.335,Civil Engineer | Helping teams scale with 6.1 years experience
CAND_0000656,371,0.335,Sales Executive | 11.0+ yrs experience with 11.0 years experience
CAND_0000006,372,0.334,Business Analyst | 6.0+ yrs experience with 6.0 years experience
CAND_0000399,373,0.334,Business Analyst | AI enthusiast | Building with LLMs with 12.9 years experience
CAND_0000189,374,0.334,Customer Support | 3.7+ yrs experience with 3.7 years experience
CAND_0000350,375,0.334,Business Analyst | 4.8+ yrs experience with 4.8 years experience
CAND_0000647,376,0.333,Mechanical Engineer | 7.7+ yrs experience with 7.7 years experience
CAND_0000753,377,0.333,Content Writer | Driving business outcomes with 7.8 years experience
CAND_0000336,378,0.333,Accountant | 4.9+ yrs experience with 4.9 years experience
CAND_0000442,379,0.333,Frontend Engineer | Backend systems & APIs with 3.1 years experience
CAND_0000936,380,0.331,DevOps Engineer | Full-stack development with 3.9 years experience
CAND_0000958,381,0.331,Customer Support | 4.2+ yrs experience with 4.2 years experience
CAND_0000033,382,0.331,Graphic Designer | Helping teams scale with 8.6 years experience
CAND_0000080,383,0.329,Graphic Designer | Helping teams scale with 8.3 years experience
CAND_0000386,384,0.329,Mobile Developer | Backend systems & APIs with 9.6 years experience
CAND_0000197,385,0.328,Customer Support | 7.2+ yrs experience with 7.2 years experience
CAND_0000099,386,0.328,Full Stack Developer | Backend systems & APIs with 2.6 years experience
CAND_0000114,387,0.328,Sales Executive | 14.3+ yrs experience with 14.3 years experience
CAND_0000166,388,0.328,Customer Support | Driving business outcomes with 4.8 years experience
CAND_0000643,389,0.328,Sales Executive | 4.7+ yrs experience with 4.7 years experience
CAND_0000118,390,0.327,Graphic Designer | 7.2+ yrs experience with 7.2 years experience
CAND_0000529,391,0.326,Frontend Engineer | Backend systems & APIs with 9.3 years experience
CAND_0000702,392,0.325,Civil Engineer | Driving business outcomes with 6.9 years experience
CAND_0000016,393,0.325,Accountant | Helping teams scale with 5.3 years experience
CAND_0000892,394,0.324,Graphic Designer | 6.0+ yrs experience with 6.0 years experience
CAND_0000577,395,0.324,Mobile Developer | Cloud & DevOps with 2.9 years experience
CAND_0000813,396,0.323,Cloud Engineer | Backend systems & APIs with 1.4 years experience
CAND_0000406,397,0.323,DevOps Engineer | Backend systems & APIs with 1.9 years experience
CAND_0000384,398,0.323,Project Manager | Driving business outcomes with 6.8 years experience
CAND_0000842,399,0.322,Accountant | 3.2+ yrs experience with 3.2 years experience
CAND_0000335,400,0.322,Mechanical Engineer | 4.0+ yrs experience with 4.0 years experience
CAND_0000467,401,0.322,QA Engineer | Full-stack development with 2.2 years experience
CAND_0000250,402,0.321,Full Stack Developer | Full-stack development with 3.7 years experience
CAND_0000740,403,0.321,Software Engineer | Cloud & DevOps with 3.2 years experience
CAND_0000858,404,0.321,Frontend Engineer | Cloud & DevOps with 2.5 years experience
CAND_0000934,405,0.321,Business Analyst | 7.8+ yrs experience with 7.8 years experience
CAND_0000945,406,0.32,.NET Developer | Cloud & DevOps with 9.1 years experience
CAND_0000645,407,0.32,Sales Executive | Driving business outcomes with 9.6 years experience
CAND_0000992,408,0.32,Mobile Developer | Cloud & DevOps with 2.1 years experience
CAND_0000498,409,0.32,Content Writer | Generative AI explorer with 10.7 years experience
CAND_0000207,410,0.32,Operations Manager | Helping teams scale with 5.4 years experience
CAND_0000067,411,0.319,Frontend Engineer | Cloud & DevOps with 3.9 years experience
CAND_0000594,412,0.319,Marketing Manager | Helping teams scale with 7.4 years experience
CAND_0000138,413,0.318,Business Analyst | 8.3+ yrs experience with 8.3 years experience
CAND_0000565,414,0.318,Full Stack Developer | Cloud & DevOps with 1.8 years experience
CAND_0000810,415,0.317,.NET Developer | Full-stack development with 4.1 years experience
CAND_0000818,416,0.317,Customer Support | Driving business outcomes with 10.1 years experience
CAND_0000883,417,0.317,Content Writer | Exploring AI & GenAI applications with 14.9 years experience
CAND_0000459,418,0.316,HR Manager | 7.9+ yrs experience with 7.9 years experience
CAND_0000397,419,0.316,Cloud Engineer | Cloud & DevOps with 9.9 years experience
CAND_0000997,420,0.316,Marketing Manager | Helping teams scale with 5.8 years experience
CAND_0000071,421,0.315,DevOps Engineer | Full-stack development with 1.8 years experience
CAND_0000581,422,0.314,Graphic Designer | Exploring AI & GenAI applications with 13.9 years experience
CAND_0000897,423,0.314,Marketing Manager | Driving business outcomes with 6.3 years experience
CAND_0000795,424,0.314,HR Manager | 3.2+ yrs experience with 3.2 years experience
CAND_0000095,425,0.313,HR Manager | Driving business outcomes with 6.7 years experience
CAND_0000701,426,0.312,Sales Executive | 11.0+ yrs experience with 11.0 years experience
CAND_0000722,427,0.312,HR Manager | AI enthusiast | Building with LLMs with 13.1 years experience
CAND_0000483,428,0.311,Customer Support | Driving business outcomes with 4.1 years experience
CAND_0000353,429,0.311,Marketing Manager | 3.7+ yrs experience with 3.7 years experience
CAND_0000972,430,0.311,Sales Executive | Helping teams scale with 13.5 years experience
CAND_0000349,431,0.311,Customer Support | 11.0+ yrs experience with 11.0 years experience
CAND_0000475,432,0.31,HR Manager | 6.8+ yrs experience with 6.8 years experience
CAND_0000277,433,0.31,QA Engineer | Backend systems & APIs with 2.1 years experience
CAND_0000315,434,0.31,DevOps Engineer | Full-stack development with 3.1 years experience
CAND_0000712,435,0.309,Data Analyst | Data pipelines & analytics with 2.5 years experience
CAND_0000549,436,0.309,HR Manager | Driving business outcomes with 7.0 years experience
CAND_0000048,437,0.308,Mobile Developer | Full-stack development with 9.7 years experience
CAND_0000638,438,0.308,Customer Support | Driving business outcomes with 7.1 years experience
CAND_0000507,439,0.308,Software Engineer | Backend systems & APIs with 1.2 years experience
CAND_0000779,440,0.308,HR Manager | Helping teams scale with 6.6 years experience
CAND_0000133,441,0.306,Graphic Designer | Generative AI explorer with 11.7 years experience
CAND_0000539,442,0.306,Backend Engineer | 2.9+ yrs in data engineering with 2.9 years experience
CAND_0000511,443,0.305,Accountant | 5.6+ yrs experience with 5.6 years experience
CAND_0000781,444,0.305,Graphic Designer | Driving business outcomes with 9.0 years experience
CAND_0000427,445,0.305,DevOps Engineer | Backend systems & APIs with 2.6 years experience
CAND_0000706,446,0.305,QA Engineer | Backend systems & APIs with 3.6 years experience
CAND_0000509,447,0.305,Customer Support | Helping teams scale with 10.4 years experience
CAND_0000602,448,0.304,Marketing Manager | Helping teams scale with 9.0 years experience
CAND_0000898,449,0.304,DevOps Engineer | Backend systems & APIs with 2.8 years experience
CAND_0000962,450,0.304,Graphic Designer | Driving business outcomes with 5.9 years experience
CAND_0000663,451,0.303,Project Manager | Driving business outcomes with 7.8 years experience
CAND_0000232,452,0.303,Operations Manager | Driving business outcomes with 4.3 years experience
CAND_0000955,453,0.303,Mobile Developer | Backend systems & APIs with 1.5 years experience
CAND_0000587,454,0.303,Marketing Manager | 7.5+ yrs experience with 7.5 years experience
CAND_0000042,455,0.302,HR Manager | 5.0+ yrs experience with 5.0 years experience
CAND_0000734,456,0.302,HR Manager | Helping teams scale with 6.2 years experience
CAND_0000621,457,0.302,Content Writer | Driving business outcomes with 7.7 years experience
CAND_0000849,458,0.302,Cloud Engineer | Backend systems & APIs with 2.7 years experience
CAND_0000151,459,0.301,Civil Engineer | 6.3+ yrs experience with 6.3 years experience
CAND_0000682,460,0.3,Data Engineer | 2.6+ yrs in data engineering with 2.6 years experience
CAND_0000726,461,0.3,Customer Support | Driving business outcomes with 9.3 years experience
CAND_0000741,462,0.3,Full Stack Developer | Cloud & DevOps with 3.3 years experience
CAND_0000785,463,0.3,Mechanical Engineer | 5.3+ yrs experience with 5.3 years experience
CAND_0000709,464,0.3,Accountant | Helping teams scale with 7.8 years experience
CAND_0000982,465,0.3,Marketing Manager | 7.1+ yrs experience with 7.1 years experience
CAND_0000396,466,0.299,Mechanical Engineer | 5.6+ yrs experience with 5.6 years experience
CAND_0000807,467,0.299,Marketing Manager | 6.2+ yrs experience with 6.2 years experience
CAND_0000431,468,0.299,Sales Executive | Helping teams scale with 11.6 years experience
CAND_0000137,469,0.298,Mechanical Engineer | Helping teams scale with 10.9 years experience
CAND_0000923,470,0.298,Mobile Developer | Backend systems & APIs with 2.1 years experience
CAND_0000989,471,0.298,Accountant | Generative AI explorer with 11.1 years experience
CAND_0000977,472,0.298,Software Engineer | Backend systems & APIs with 1.7 years experience
CAND_0000372,473,0.298,Frontend Engineer | Cloud & DevOps with 1.4 years experience
CAND_0000419,474,0.298,Marketing Manager | 7.4+ yrs experience with 7.4 years experience
CAND_0000774,475,0.298,Marketing Manager | Helping teams scale with 4.3 years experience
CAND_0000976,476,0.297,Business Analyst | Helping teams scale with 7.1 years experience
CAND_0000024,477,0.297,HR Manager | 7.5+ yrs experience with 7.5 years experience
CAND_0000836,478,0.297,Mechanical Engineer | Driving business outcomes with 5.3 years experience
CAND_0000029,479,0.297,Business Analyst | Driving business outcomes with 7.2 years experience
CAND_0000304,480,0.296,Civil Engineer | 3.7+ yrs experience with 3.7 years experience
CAND_0000056,481,0.294,Frontend Engineer | Cloud & DevOps with 1.3 years experience
CAND_0000548,482,0.293,Marketing Manager | 6.9+ yrs experience with 6.9 years experience
CAND_0000568,483,0.292,Business Analyst | 11.5+ yrs experience with 11.5 years experience
CAND_0000011,484,0.292,QA Engineer | Cloud & DevOps with 2.0 years experience
CAND_0000214,485,0.292,Sales Executive | Driving business outcomes with 9.5 years experience
CAND_0000624,486,0.291,Business Analyst | 5.7+ yrs experience with 5.7 years experience
CAND_0000251,487,0.291,Customer Support | 11.4+ yrs experience with 11.4 years experience
CAND_0000603,488,0.291,Sales Executive | Helping teams scale with 10.2 years experience
CAND_0000637,489,0.291,Civil Engineer | Driving business outcomes with 3.9 years experience
CAND_0000378,490,0.29,Business Analyst | Helping teams scale with 3.0 years experience
CAND_0000229,491,0.29,"Senior Software Engineer | SQL, Spark, Cloud with 2.2 years experience"
CAND_0000168,492,0.29,Sales Executive | 10.7+ yrs experience with 10.7 years experience
CAND_0000058,493,0.289,HR Manager | Helping teams scale with 10.1 years experience
CAND_0000585,494,0.289,Sales Executive | Driving business outcomes with 9.1 years experience
CAND_0000848,495,0.289,.NET Developer | Cloud & DevOps with 9.3 years experience
CAND_0000383,496,0.289,Mechanical Engineer | Driving business outcomes with 3.7 years experience
CAND_0000634,497,0.289,Mechanical Engineer | Driving business outcomes with 10.0 years experience
CAND_0000217,498,0.289,Mechanical Engineer | Driving business outcomes with 4.5 years experience
CAND_0000506,499,0.289,Operations Manager | 7.9+ yrs experience with 7.9 years experience
CAND_0000215,500,0.288,Project Manager | 7.9+ yrs experience with 7.9 years experience
CAND_0000476,501,0.288,Sales Executive | Driving business outcomes with 2.9 years experience
CAND_0000143,502,0.288,Graphic Designer | 7.7+ yrs experience with 7.7 years experience
CAND_0000535,503,0.288,Content Writer | Driving business outcomes with 5.4 years experience
CAND_0000231,504,0.287,Accountant | Helping teams scale with 6.9 years experience
CAND_0000988,505,0.287,Customer Support | Helping teams scale with 9.2 years experience
CAND_0000338,506,0.287,Operations Manager | Driving business outcomes with 7.9 years experience
CAND_0000586,507,0.287,Business Analyst | Driving business outcomes with 6.2 years experience
CAND_0000678,508,0.287,Mechanical Engineer | 9.6+ yrs experience with 9.6 years experience
CAND_0000020,509,0.286,Mechanical Engineer | 6.3+ yrs experience with 6.3 years experience
CAND_0000084,510,0.285,Marketing Manager | 10.6+ yrs experience with 10.6 years experience
CAND_0000550,511,0.285,Business Analyst | Helping teams scale with 9.7 years experience
CAND_0000102,512,0.285,Operations Manager | Driving business outcomes with 3.7 years experience
CAND_0000192,513,0.285,Business Analyst | 5.1+ yrs experience with 5.1 years experience
CAND_0000791,514,0.284,QA Engineer | Full-stack development with 4.0 years experience
CAND_0000834,515,0.284,Software Engineer | Cloud & DevOps with 1.9 years experience
CAND_0000918,516,0.284,Marketing Manager | Helping teams scale with 7.0 years experience
CAND_0000115,517,0.284,Operations Manager | Driving business outcomes with 7.8 years experience
CAND_0000850,518,0.283,Business Analyst | Driving business outcomes with 9.9 years experience
CAND_0000605,519,0.282,Marketing Manager | Driving business outcomes with 8.6 years experience
CAND_0000362,520,0.281,Project Manager | 5.4+ yrs experience with 5.4 years experience
CAND_0000616,521,0.281,Graphic Designer | Driving business outcomes with 6.3 years experience
CAND_0000105,522,0.28,Mechanical Engineer | Driving business outcomes with 12.0 years experience
CAND_0000736,523,0.28,Customer Support | Helping teams scale with 11.6 years experience
CAND_0000626,524,0.279,Marketing Manager | 8.0+ yrs experience with 8.0 years experience
CAND_0000247,525,0.279,Civil Engineer | Driving business outcomes with 10.2 years experience
CAND_0000853,526,0.279,Marketing Manager | 10.8+ yrs experience with 10.8 years experience
CAND_0000286,527,0.279,Accountant | Helping teams scale with 9.0 years experience
CAND_0000698,528,0.278,Customer Support | 14.1+ yrs experience with 14.1 years experience
CAND_0000195,529,0.278,Business Analyst | Helping teams scale with 5.9 years experience
CAND_0000860,530,0.278,Marketing Manager | Helping teams scale with 7.8 years experience
CAND_0000278,531,0.278,Sales Executive | Helping teams scale with 1.9 years experience
CAND_0000296,532,0.277,Civil Engineer | Helping teams scale with 6.5 years experience
CAND_0000341,533,0.277,Sales Executive | Driving business outcomes with 12.4 years experience
CAND_0000721,534,0.277,Sales Executive | 12.2+ yrs experience with 12.2 years experience
CAND_0000381,535,0.276,Mechanical Engineer | Helping teams scale with 3.4 years experience
CAND_0000661,536,0.276,Content Writer | Driving business outcomes with 6.9 years experience
CAND_0000293,537,0.276,Civil Engineer | Driving business outcomes with 10.3 years experience
CAND_0000026,538,0.276,Graphic Designer | 6.8+ yrs experience with 6.8 years experience
CAND_0000907,539,0.276,Mechanical Engineer | Helping teams scale with 8.1 years experience
CAND_0000106,540,0.275,Marketing Manager | Helping teams scale with 6.6 years experience
CAND_0000265,541,0.275,HR Manager | Driving business outcomes with 3.8 years experience
CAND_0000472,542,0.275,Mobile Developer | Backend systems & APIs with 2.9 years experience
CAND_0000393,543,0.275,.NET Developer | Full-stack development with 3.0 years experience
CAND_0000040,544,0.275,Customer Support | Helping teams scale with 1.6 years experience
CAND_0000963,545,0.274,Customer Support | 3.2+ yrs experience with 3.2 years experience
CAND_0000074,546,0.274,Operations Manager | Generative AI explorer with 1.9 years experience
CAND_0000639,547,0.274,Business Analyst | Helping teams scale with 11.5 years experience
CAND_0000375,548,0.273,QA Engineer | Full-stack development with 1.9 years experience
CAND_0000632,549,0.273,Customer Support | Helping teams scale with 3.7 years experience
CAND_0000729,550,0.273,Content Writer | Driving business outcomes with 9.0 years experience
CAND_0000590,551,0.273,.NET Developer | Backend systems & APIs with 2.7 years experience
CAND_0000670,552,0.273,Sales Executive | Helping teams scale with 10.4 years experience
CAND_0000929,553,0.273,Civil Engineer | Helping teams scale with 4.0 years experience
CAND_0000735,554,0.272,Business Analyst | Helping teams scale with 7.4 years experience
CAND_0000087,555,0.271,Full Stack Developer | Cloud & DevOps with 2.5 years experience
CAND_0000436,556,0.271,Accountant | Driving business outcomes with 8.8 years experience
CAND_0000057,557,0.27,Customer Support | 3.3+ yrs experience with 3.3 years experience
CAND_0000891,558,0.27,Civil Engineer | Driving business outcomes with 10.7 years experience
CAND_0000555,559,0.27,Sales Executive | Driving business outcomes with 10.5 years experience
CAND_0000613,560,0.27,Project Manager | Helping teams scale with 5.8 years experience
CAND_0000359,561,0.27,Civil Engineer | Helping teams scale with 5.0 years experience
CAND_0000340,562,0.269,HR Manager | 11.7+ yrs experience with 11.7 years experience
CAND_0000003,563,0.268,Customer Support | 1.1+ yrs experience with 1.1 years experience
CAND_0000571,564,0.268,HR Manager | Driving business outcomes with 5.8 years experience
CAND_0000743,565,0.268,Accountant | Driving business outcomes with 6.9 years experience
CAND_0000894,566,0.267,Content Writer | 8.7+ yrs experience with 8.7 years experience
CAND_0000377,567,0.266,Operations Manager | Driving business outcomes with 6.1 years experience
CAND_0000881,568,0.266,Civil Engineer | 3.1+ yrs experience with 3.1 years experience
CAND_0000697,569,0.266,Business Analyst | 3.0+ yrs experience with 3.0 years experience
CAND_0000598,570,0.266,Mobile Developer | Cloud & DevOps with 2.9 years experience
CAND_0000314,571,0.265,Business Analyst | Helping teams scale with 11.7 years experience
CAND_0000949,572,0.265,HR Manager | Driving business outcomes with 11.2 years experience
CAND_0000668,573,0.265,Graphic Designer | Driving business outcomes with 10.5 years experience
CAND_0000924,574,0.265,Project Manager | Driving business outcomes with 4.9 years experience
CAND_0000562,575,0.264,Accountant | 9.3+ yrs experience with 9.3 years experience
CAND_0000900,576,0.263,.NET Developer | Cloud & DevOps with 1.8 years experience
CAND_0000873,577,0.263,"Senior Software Engineer | SQL, Spark, Cloud with 2.1 years experience"
CAND_0000154,578,0.263,HR Manager | Driving business outcomes with 9.9 years experience
CAND_0000559,579,0.263,Project Manager | 4.7+ yrs experience with 4.7 years experience
CAND_0000415,580,0.262,Accountant | Driving business outcomes with 9.7 years experience
CAND_0000382,581,0.262,Civil Engineer | 8.2+ yrs experience with 8.2 years experience
CAND_0000516,582,0.261,Mechanical Engineer | Helping teams scale with 8.0 years experience
CAND_0000224,583,0.261,HR Manager | 4.1+ yrs experience with 4.1 years experience
CAND_0000607,584,0.26,Mechanical Engineer | Driving business outcomes with 11.1 years experience
CAND_0000236,585,0.258,Civil Engineer | 10.3+ yrs experience with 10.3 years experience
CAND_0000090,586,0.258,QA Engineer | Full-stack development with 1.7 years experience
CAND_0000525,587,0.258,Business Analyst | Driving business outcomes with 10.5 years experience
CAND_0000150,588,0.258,Content Writer | Driving business outcomes with 5.4 years experience
CAND_0000711,589,0.258,Sales Executive | 12.9+ yrs experience with 12.9 years experience
CAND_0000430,590,0.256,Marketing Manager | Driving business outcomes with 9.3 years experience
CAND_0000252,591,0.256,Business Analyst | 3.0+ yrs experience with 3.0 years experience
CAND_0000758,592,0.256,Customer Support | 2.5+ yrs experience with 2.5 years experience
CAND_0000893,593,0.256,Marketing Manager | Driving business outcomes with 6.8 years experience
CAND_0000473,594,0.256,Marketing Manager | 6.5+ yrs experience with 6.5 years experience
CAND_0000650,595,0.256,Customer Support | 14.8+ yrs experience with 14.8 years experience
CAND_0000332,596,0.255,Accountant | 5.4+ yrs experience with 5.4 years experience
CAND_0000830,597,0.255,Operations Manager | 8.7+ yrs experience with 8.7 years experience
CAND_0000503,598,0.254,Mechanical Engineer | 10.8+ yrs experience with 10.8 years experience
CAND_0000589,599,0.254,Content Writer | Driving business outcomes with 10.1 years experience
CAND_0000879,600,0.254,Operations Manager | Helping teams scale with 7.0 years experience
CAND_0000677,601,0.254,Sales Executive | Helping teams scale with 12.4 years experience
CAND_0000824,602,0.254,Customer Support | 12.8+ yrs experience with 12.8 years experience
CAND_0000433,603,0.254,Mechanical Engineer | Driving business outcomes with 10.4 years experience
CAND_0000644,604,0.254,Graphic Designer | Driving business outcomes with 10.6 years experience
CAND_0000129,605,0.254,Graphic Designer | Driving business outcomes with 8.0 years experience
CAND_0000256,606,0.253,Java Developer | Full-stack development with 2.3 years experience
CAND_0000365,607,0.253,Project Manager | 7.4+ yrs experience with 7.4 years experience
CAND_0000524,608,0.252,Graphic Designer | Driving business outcomes with 10.1 years experience
CAND_0000922,609,0.252,Accountant | Helping teams scale with 5.9 years experience
CAND_0000367,610,0.252,Business Analyst | 8.5+ yrs experience with 8.5 years experience
CAND_0000092,611,0.251,Business Analyst | Driving business outcomes with 4.8 years experience
CAND_0000696,612,0.251,.NET Developer | Full-stack development with 1.5 years experience
CAND_0000865,613,0.25,HR Manager | Helping teams scale with 4.4 years experience
CAND_0000351,614,0.25,Content Writer | Driving business outcomes with 5.0 years experience
CAND_0000325,615,0.25,Project Manager | Helping teams scale with 6.7 years experience
CAND_0000086,616,0.25,Mechanical Engineer | Helping teams scale with 4.9 years experience
CAND_0000368,617,0.25,Accountant | Helping teams scale with 5.2 years experience
CAND_0000642,618,0.25,Accountant | 4.8+ yrs experience with 4.8 years experience
CAND_0000688,619,0.25,QA Engineer | Cloud & DevOps with 1.3 years experience
CAND_0000039,620,0.249,Marketing Manager | Helping teams scale with 3.9 years experience
CAND_0000346,621,0.249,Business Analyst | Helping teams scale with 4.6 years experience
CAND_0000226,622,0.248,Mechanical Engineer | Helping teams scale with 3.5 years experience
CAND_0000103,623,0.248,Mechanical Engineer | Driving business outcomes with 11.7 years experience
CAND_0000316,624,0.248,Sales Executive | Helping teams scale with 12.8 years experience
CAND_0000768,625,0.247,Content Writer | Helping teams scale with 11.6 years experience
CAND_0000241,626,0.247,Content Writer | Driving business outcomes with 7.7 years experience
CAND_0000283,627,0.247,Project Manager | Driving business outcomes with 3.5 years experience
CAND_0000199,628,0.246,Mechanical Engineer | Helping teams scale with 3.6 years experience
CAND_0000806,629,0.246,Sales Executive | Driving business outcomes with 2.0 years experience
CAND_0000700,630,0.245,Content Writer | Driving business outcomes with 10.5 years experience
CAND_0000979,631,0.245,Business Analyst | Helping teams scale with 10.9 years experience
CAND_0000235,632,0.244,Business Analyst | 10.4+ yrs experience with 10.4 years experience
CAND_0000708,633,0.244,Marketing Manager | Driving business outcomes with 4.2 years experience
CAND_0000674,634,0.244,Civil Engineer | Driving business outcomes with 11.0 years experience
CAND_0000326,635,0.244,Full Stack Developer | Cloud & DevOps with 2.8 years experience
CAND_0000567,636,0.243,Operations Manager | Driving business outcomes with 4.4 years experience
CAND_0000434,637,0.243,Accountant | Driving business outcomes with 3.6 years experience
CAND_0000826,638,0.243,Mechanical Engineer | Driving business outcomes with 9.3 years experience
CAND_0000465,639,0.243,Accountant | Driving business outcomes with 11.2 years experience
CAND_0000902,640,0.242,DevOps Engineer | Cloud & DevOps with 2.8 years experience
CAND_0000269,641,0.242,Sales Executive | Helping teams scale with 14.3 years experience
CAND_0000959,642,0.242,Marketing Manager | Helping teams scale with 3.2 years experience
CAND_0000543,643,0.241,Civil Engineer | 6.7+ yrs experience with 6.7 years experience
CAND_0000689,644,0.241,Accountant | Helping teams scale with 4.2 years experience
CAND_0000793,645,0.241,Operations Manager | Helping teams scale with 5.0 years experience
CAND_0000487,646,0.241,Software Engineer | Full-stack development with 2.7 years experience
CAND_0000329,647,0.24,Sales Executive | Driving business outcomes with 1.9 years experience
CAND_0000222,648,0.24,Mechanical Engineer | Driving business outcomes with 11.1 years experience
CAND_0000019,649,0.239,Project Manager | 6.5+ yrs experience with 6.5 years experience
CAND_0000008,650,0.239,Operations Manager | 3.6+ yrs experience with 3.6 years experience
CAND_0000835,651,0.239,Project Manager | Helping teams scale with 9.0 years experience
CAND_0000690,652,0.238,Accountant | 3.9+ yrs experience with 3.9 years experience
CAND_0000201,653,0.238,Marketing Manager | AI enthusiast | Building with LLMs with 14.1 years experience
CAND_0000808,654,0.237,Sales Executive | 2.0+ yrs experience with 2.0 years experience
CAND_0000608,655,0.237,Operations Manager | Helping teams scale with 11.1 years experience
CAND_0000078,656,0.237,Business Analyst | Helping teams scale with 10.3 years experience
CAND_0000004,657,0.236,Marketing Manager | Driving business outcomes with 3.8 years experience
CAND_0000490,658,0.236,Customer Support | 2.6+ yrs experience with 2.6 years experience
CAND_0000521,659,0.236,Content Writer | Driving business outcomes with 5.0 years experience
CAND_0000221,660,0.236,Customer Support | Driving business outcomes with 2.7 years experience
CAND_0000398,661,0.236,Operations Manager | Helping teams scale with 10.0 years experience
CAND_0000889,662,0.235,Mechanical Engineer | Driving business outcomes with 1.6 years experience
CAND_0000994,663,0.235,Operations Manager | 11.9+ yrs experience with 11.9 years experience
CAND_0000871,664,0.235,Mechanical Engineer | 5.1+ yrs experience with 5.1 years experience
CAND_0000857,665,0.235,Content Writer | Helping teams scale with 6.1 years experience
CAND_0000694,666,0.234,Accountant | Driving business outcomes with 3.3 years experience
CAND_0000300,667,0.234,Marketing Manager | 8.5+ yrs experience with 8.5 years experience
CAND_0000673,668,0.234,Operations Manager | 7.8+ yrs experience with 7.8 years experience
CAND_0000856,669,0.234,Mechanical Engineer | Driving business outcomes with 3.7 years experience
CAND_0000113,670,0.233,.NET Developer | Full-stack development with 1.8 years experience
CAND_0000925,671,0.233,Customer Support | Driving business outcomes with 12.2 years experience
CAND_0000248,672,0.233,Operations Manager | Driving business outcomes with 4.1 years experience
CAND_0000337,673,0.233,HR Manager | Driving business outcomes with 10.6 years experience
CAND_0000311,674,0.233,Project Manager | 6.2+ yrs experience with 6.2 years experience
CAND_0000170,675,0.232,HR Manager | Helping teams scale with 4.8 years experience
CAND_0000942,676,0.232,Project Manager | 6.0+ yrs experience with 6.0 years experience
CAND_0000157,677,0.232,Mechanical Engineer | Helping teams scale with 3.1 years experience
CAND_0000484,678,0.231,Marketing Manager | Driving business outcomes with 9.7 years experience
CAND_0000619,679,0.231,Business Analyst | 9.4+ yrs experience with 9.4 years experience
CAND_0000053,680,0.231,Graphic Designer | 3.9+ yrs experience with 3.9 years experience
CAND_0000481,681,0.23,Mechanical Engineer | Driving business outcomes with 4.6 years experience
CAND_0000079,682,0.23,Customer Support | Driving business outcomes with 13.2 years experience
CAND_0000153,683,0.23,Graphic Designer | Helping teams scale with 3.8 years experience
CAND_0000554,684,0.23,Operations Manager | Driving business outcomes with 11.2 years experience
CAND_0000173,685,0.23,Marketing Manager | 7.9+ yrs experience with 7.9 years experience
CAND_0000305,686,0.23,HR Manager | 4.7+ yrs experience with 4.7 years experience
CAND_0000432,687,0.229,HR Manager | 4.8+ yrs experience with 4.8 years experience
CAND_0000956,688,0.229,Civil Engineer | 13.0+ yrs experience with 13.0 years experience
CAND_0000685,689,0.229,HR Manager | Helping teams scale with 10.2 years experience
CAND_0000809,690,0.228,Marketing Manager | Helping teams scale with 6.2 years experience
CAND_0000242,691,0.228,Project Manager | 9.1+ yrs experience with 9.1 years experience
CAND_0000064,692,0.228,Accountant | Helping teams scale with 4.5 years experience
CAND_0000695,693,0.228,Graphic Designer | 4.9+ yrs experience with 4.9 years experience
CAND_0000164,694,0.227,Content Writer | Driving business outcomes with 3.7 years experience
CAND_0000373,695,0.226,Marketing Manager | Helping teams scale with 3.8 years experience
CAND_0000561,696,0.226,HR Manager | Helping teams scale with 3.2 years experience
CAND_0000747,697,0.225,Civil Engineer | Driving business outcomes with 10.8 years experience
CAND_0000202,698,0.225,DevOps Engineer | Full-stack development with 2.7 years experience
CAND_0000447,699,0.225,Graphic Designer | 7.2+ yrs experience with 7.2 years experience
CAND_0000122,700,0.224,Civil Engineer | Driving business outcomes with 9.7 years experience
CAND_0000606,701,0.224,Marketing Manager | 7.8+ yrs experience with 7.8 years experience
CAND_0000176,702,0.224,Project Manager | Helping teams scale with 4.5 years experience
CAND_0000488,703,0.223,Marketing Manager | 9.2+ yrs experience with 9.2 years experience
CAND_0000474,704,0.223,Marketing Manager | Helping teams scale with 8.8 years experience
CAND_0000438,705,0.223,Business Analyst | Helping teams scale with 3.5 years experience
CAND_0000845,706,0.222,Project Manager | AI enthusiast | Building with LLMs with 12.5 years experience
CAND_0000049,707,0.221,Mechanical Engineer | Helping teams scale with 11.8 years experience
CAND_0000710,708,0.221,HR Manager | Helping teams scale with 4.3 years experience
CAND_0000948,709,0.221,.NET Developer | Cloud & DevOps with 2.6 years experience
CAND_0000327,710,0.221,Graphic Designer | Driving business outcomes with 9.6 years experience
CAND_0000429,711,0.221,Java Developer | Full-stack development with 2.7 years experience
CAND_0000435,712,0.22,Customer Support | Helping teams scale with 14.9 years experience
CAND_0000916,713,0.22,Content Writer | Driving business outcomes with 4.9 years experience
CAND_0000358,714,0.22,Civil Engineer | 2.8+ yrs experience with 2.8 years experience
CAND_0000181,715,0.219,Project Manager | Driving business outcomes with 4.7 years experience
CAND_0000392,716,0.218,HR Manager | Driving business outcomes with 14.7 years experience
CAND_0000763,717,0.218,Customer Support | Helping teams scale with 2.4 years experience
CAND_0000557,718,0.218,Content Writer | Driving business outcomes with 4.9 years experience
CAND_0000443,719,0.218,Graphic Designer | Helping teams scale with 10.8 years experience
CAND_0000496,720,0.218,Marketing Manager | Driving business outcomes with 9.8 years experience
CAND_0000460,721,0.217,Sales Executive | Driving business outcomes with 12.2 years experience
CAND_0000323,722,0.217,Civil Engineer | Helping teams scale with 14.4 years experience
CAND_0000617,723,0.216,Frontend Engineer | Cloud & DevOps with 1.4 years experience
CAND_0000469,724,0.215,Frontend Engineer | Full-stack development with 1.9 years experience
CAND_0000119,725,0.215,Graphic Designer | Driving business outcomes with 10.1 years experience
CAND_0000065,726,0.214,Project Manager | Driving business outcomes with 9.7 years experience
CAND_0000167,727,0.214,Business Analyst | Helping teams scale with 9.1 years experience
CAND_0000416,728,0.213,Customer Support | Helping teams scale with 2.4 years experience
CAND_0000013,729,0.213,Civil Engineer | Driving business outcomes with 1.1 years experience
CAND_0000328,730,0.213,Civil Engineer | Driving business outcomes with 11.7 years experience
CAND_0000449,731,0.213,Civil Engineer | Helping teams scale with 4.6 years experience
CAND_0000175,732,0.211,Project Manager | Driving business outcomes with 3.7 years experience
CAND_0000272,733,0.211,HR Manager | 14.8+ yrs experience with 14.8 years experience
CAND_0000457,734,0.211,QA Engineer | Full-stack development with 2.4 years experience
CAND_0000253,735,0.211,Content Writer | Helping teams scale with 6.1 years experience
CAND_0000804,736,0.211,Mechanical Engineer | Driving business outcomes with 9.9 years experience
CAND_0000282,737,0.21,Sales Executive | Driving business outcomes with 1.9 years experience
CAND_0000266,738,0.21,Customer Support | Helping teams scale with 2.7 years experience
CAND_0000380,739,0.209,Sales Executive | Helping teams scale with 2.1 years experience
CAND_0000081,740,0.209,Accountant | 10.1+ yrs experience with 10.1 years experience
CAND_0000527,741,0.209,Graphic Designer | 12.0+ yrs experience with 12.0 years experience
CAND_0000070,742,0.208,Business Analyst | Driving business outcomes with 4.2 years experience
CAND_0000886,743,0.208,Business Analyst | Helping teams scale with 11.5 years experience
CAND_0000966,744,0.207,Customer Support | 13.4+ yrs experience with 13.4 years experience
CAND_0000463,745,0.207,Accountant | 2.2+ yrs experience with 2.2 years experience
CAND_0000533,746,0.207,Civil Engineer | 2.4+ yrs experience with 2.4 years experience
CAND_0000772,747,0.206,Mechanical Engineer | Helping teams scale with 1.6 years experience
CAND_0000890,748,0.206,Sales Executive | Helping teams scale with 2.6 years experience
CAND_0000556,749,0.206,Operations Manager | Driving business outcomes with 12.1 years experience
CAND_0000622,750,0.206,Accountant | Helping teams scale with 3.7 years experience
CAND_0000470,751,0.205,HR Manager | 14.2+ yrs experience with 14.2 years experience
CAND_0000574,752,0.205,Marketing Manager | Helping teams scale with 11.7 years experience
CAND_0000756,753,0.205,Graphic Designer | Driving business outcomes with 4.8 years experience
CAND_0000059,754,0.204,Frontend Engineer | Full-stack development with 1.5 years experience
CAND_0000515,755,0.204,Sales Executive | Helping teams scale with 12.3 years experience
CAND_0000880,756,0.203,Sales Executive | Helping teams scale with 2.4 years experience
CAND_0000478,757,0.203,Mechanical Engineer | Driving business outcomes with 2.2 years experience
CAND_0000819,758,0.203,Content Writer | 3.6+ yrs experience with 3.6 years experience
CAND_0000680,759,0.202,Project Manager | Helping teams scale with 10.7 years experience
CAND_0000344,760,0.201,Business Analyst | AI enthusiast | Building with LLMs with 2.5 years experience
CAND_0000107,761,0.201,Mechanical Engineer | 11.5+ yrs experience with 11.5 years experience
CAND_0000744,762,0.2,Project Manager | 10.1+ yrs experience with 10.1 years experience
CAND_0000257,763,0.2,Full Stack Developer | Backend systems & APIs with 1.1 years experience
CAND_0000205,764,0.199,Content Writer | 4.8+ yrs experience with 4.8 years experience
CAND_0000788,765,0.199,Cloud Engineer | Full-stack development with 2.0 years experience
CAND_0000573,766,0.199,HR Manager | Driving business outcomes with 13.2 years experience
CAND_0000910,767,0.198,Operations Manager | Helping teams scale with 3.6 years experience
CAND_0000840,768,0.198,Graphic Designer | Driving business outcomes with 2.6 years experience
CAND_0000999,769,0.198,Project Manager | 2.1+ yrs experience with 2.1 years experience
CAND_0000308,770,0.198,Mechanical Engineer | 2.0+ yrs experience with 2.0 years experience
CAND_0000464,771,0.198,Operations Manager | Helping teams scale with 11.7 years experience
CAND_0000863,772,0.198,Operations Manager | Driving business outcomes with 2.1 years experience
CAND_0000045,773,0.198,Project Manager | 12.2+ yrs experience with 12.2 years experience
CAND_0000974,774,0.197,Mechanical Engineer | 11.2+ yrs experience with 11.2 years experience
CAND_0000816,775,0.197,Customer Support | Helping teams scale with 1.8 years experience
CAND_0000098,776,0.197,Business Analyst | Helping teams scale with 1.7 years experience
CAND_0000268,777,0.197,Graphic Designer | Helping teams scale with 11.3 years experience
CAND_0000456,778,0.195,Marketing Manager | Driving business outcomes with 11.2 years experience
CAND_0000730,779,0.193,Content Writer | Driving business outcomes with 4.0 years experience
CAND_0000126,780,0.192,Mechanical Engineer | 2.5+ yrs experience with 2.5 years experience
CAND_0000145,781,0.192,Business Analyst | 3.4+ yrs experience with 3.4 years experience
CAND_0000544,782,0.192,Accountant | Helping teams scale with 10.7 years experience
CAND_0000591,783,0.191,Sales Executive | Helping teams scale with 12.1 years experience
CAND_0000831,784,0.191,Content Writer | Driving business outcomes with 5.8 years experience
CAND_0000601,785,0.19,Mechanical Engineer | Helping teams scale with 10.0 years experience
CAND_0000832,786,0.19,Content Writer | 3.0+ yrs experience with 3.0 years experience
CAND_0000290,787,0.19,Civil Engineer | 2.3+ yrs experience with 2.3 years experience
CAND_0000941,788,0.189,Mechanical Engineer | Driving business outcomes with 1.4 years experience
CAND_0000405,789,0.189,Operations Manager | 2.7+ yrs experience with 2.7 years experience
CAND_0000776,790,0.188,Graphic Designer | Driving business outcomes with 1.4 years experience
CAND_0000385,791,0.188,Project Manager | Helping teams scale with 10.9 years experience
CAND_0000374,792,0.187,Content Writer | Helping teams scale with 4.4 years experience
CAND_0000843,793,0.186,Sales Executive | Helping teams scale with 2.7 years experience
CAND_0000512,794,0.186,Project Manager | 11.7+ yrs experience with 11.7 years experience
CAND_0000827,795,0.186,Civil Engineer | Helping teams scale with 2.5 years experience
CAND_0000957,796,0.185,Accountant | Helping teams scale with 10.1 years experience
CAND_0000778,797,0.184,Marketing Manager | 4.3+ yrs experience with 4.3 years experience
CAND_0000030,798,0.183,Marketing Manager | Driving business outcomes with 10.0 years experience
CAND_0000648,799,0.183,Operations Manager | Helping teams scale with 9.9 years experience
CAND_0000424,800,0.183,Project Manager | Driving business outcomes with 12.7 years experience
CAND_0000641,801,0.183,Customer Support | Helping teams scale with 12.2 years experience
CAND_0000414,802,0.182,Business Analyst | Driving business outcomes with 13.7 years experience
CAND_0000233,803,0.181,Civil Engineer | Helping teams scale with 12.5 years experience
CAND_0000888,804,0.18,Content Writer | Driving business outcomes with 9.2 years experience
CAND_0000769,805,0.179,.NET Developer | Backend systems & APIs with 1.5 years experience
CAND_0000651,806,0.179,Sales Executive | Driving business outcomes with 1.5 years experience
CAND_0000356,807,0.179,Customer Support | 1.6+ yrs experience with 1.6 years experience
CAND_0000723,808,0.179,Project Manager | Helping teams scale with 14.7 years experience
CAND_0000887,809,0.177,Graphic Designer | Helping teams scale with 1.1 years experience
CAND_0000387,810,0.177,Project Manager | Helping teams scale with 10.4 years experience
CAND_0000022,811,0.176,Mechanical Engineer | Driving business outcomes with 1.1 years experience
CAND_0000009,812,0.176,Mechanical Engineer | Driving business outcomes with 11.0 years experience
CAND_0000085,813,0.176,Mechanical Engineer | Driving business outcomes with 12.9 years experience
CAND_0000954,814,0.176,Marketing Manager | 3.7+ yrs experience with 3.7 years experience
CAND_0000005,815,0.176,Accountant | Helping teams scale with 11.0 years experience
CAND_0000492,816,0.176,Civil Engineer | Driving business outcomes with 14.2 years experience
CAND_0000732,817,0.176,Project Manager | Helping teams scale with 9.6 years experience
CAND_0000811,818,0.174,Project Manager | Driving business outcomes with 14.0 years experience
CAND_0000569,819,0.174,Marketing Manager | Driving business outcomes with 11.8 years experience
CAND_0000669,820,0.173,HR Manager | Driving business outcomes with 13.4 years experience
CAND_0000258,821,0.173,Accountant | Driving business outcomes with 11.3 years experience
CAND_0000379,822,0.173,Customer Support | 1.9+ yrs experience with 1.9 years experience
CAND_0000825,823,0.172,Graphic Designer | 9.5+ yrs experience with 9.5 years experience
CAND_0000264,824,0.172,Project Manager | Driving business outcomes with 2.9 years experience
CAND_0000653,825,0.172,Marketing Manager | Helping teams scale with 13.0 years experience
CAND_0000109,826,0.172,Mechanical Engineer | 2.2+ yrs experience with 2.2 years experience
CAND_0000376,827,0.171,Marketing Manager | Driving business outcomes with 14.2 years experience
CAND_0000750,828,0.171,Accountant | Helping teams scale with 1.3 years experience
CAND_0000288,829,0.171,Cloud Engineer | Backend systems & APIs with 2.7 years experience
CAND_0000172,830,0.171,Marketing Manager | Helping teams scale with 10.9 years experience
CAND_0000301,831,0.171,Operations Manager | 1.9+ yrs experience with 1.9 years experience
CAND_0000748,832,0.17,Mechanical Engineer | Driving business outcomes with 13.2 years experience
CAND_0000566,833,0.169,HR Manager | Helping teams scale with 14.7 years experience
CAND_0000885,834,0.168,Project Manager | Helping teams scale with 14.4 years experience
CAND_0000725,835,0.168,Accountant | Helping teams scale with 10.3 years experience
CAND_0000450,836,0.168,Marketing Manager | 3.5+ yrs experience with 3.5 years experience
CAND_0000953,837,0.167,Graphic Designer | 12.1+ yrs experience with 12.1 years experience
CAND_0000914,838,0.167,Marketing Manager | 10.4+ yrs experience with 10.4 years experience
CAND_0000495,839,0.167,Mechanical Engineer | Driving business outcomes with 1.8 years experience
CAND_0000519,840,0.166,Business Analyst | Helping teams scale with 1.3 years experience
CAND_0000407,841,0.166,Mechanical Engineer | Driving business outcomes with 1.1 years experience
CAND_0000437,842,0.165,HR Manager | Helping teams scale with 11.9 years experience
CAND_0000050,843,0.165,Business Analyst | Helping teams scale with 13.5 years experience
CAND_0000528,844,0.165,Accountant | 11.6+ yrs experience with 11.6 years experience
CAND_0000177,845,0.165,Customer Support | Driving business outcomes with 12.2 years experience
CAND_0000558,846,0.165,Project Manager | Driving business outcomes with 2.1 years experience
CAND_0000355,847,0.164,Graphic Designer | Driving business outcomes with 12.0 years experience
CAND_0000237,848,0.164,Mechanical Engineer | 14.9+ yrs experience with 14.9 years experience
CAND_0000400,849,0.163,Operations Manager | Helping teams scale with 14.1 years experience
CAND_0000444,850,0.162,Content Writer | 14.3+ yrs experience with 14.3 years experience
CAND_0000794,851,0.162,Accountant | Driving business outcomes with 1.5 years experience
CAND_0001000,852,0.162,Business Analyst | 14.2+ yrs experience with 14.2 years experience
CAND_0000425,853,0.162,Project Manager | 9.5+ yrs experience with 9.5 years experience
CAND_0000687,854,0.16,Content Writer | 10.7+ yrs experience with 10.7 years experience
CAND_0000402,855,0.16,Marketing Manager | 12.6+ yrs experience with 12.6 years experience
CAND_0000523,856,0.16,Mechanical Engineer | Helping teams scale with 12.8 years experience
CAND_0000950,857,0.159,Mechanical Engineer | Driving business outcomes with 13.5 years experience
CAND_0000299,858,0.157,HR Manager | Helping teams scale with 10.1 years experience
CAND_0000812,859,0.157,Operations Manager | 11.0+ yrs experience with 11.0 years experience
CAND_0000542,860,0.157,HR Manager | Driving business outcomes with 12.9 years experience
CAND_0000901,861,0.156,Accountant | 2.4+ yrs experience with 2.4 years experience
CAND_0000462,862,0.156,Graphic Designer | Driving business outcomes with 2.1 years experience
CAND_0000245,863,0.155,Project Manager | 1.9+ yrs experience with 1.9 years experience
CAND_0000532,864,0.155,Accountant | Helping teams scale with 14.6 years experience
CAND_0000279,865,0.155,Business Analyst | Driving business outcomes with 2.9 years experience
CAND_0000240,866,0.154,Project Manager | Driving business outcomes with 13.3 years experience
CAND_0000792,867,0.154,Marketing Manager | 11.0+ yrs experience with 11.0 years experience
CAND_0000752,868,0.153,Graphic Designer | Driving business outcomes with 14.1 years experience
CAND_0000946,869,0.153,Business Analyst | Helping teams scale with 12.6 years experience
CAND_0000448,870,0.153,Operations Manager | Driving business outcomes with 13.9 years experience
CAND_0000002,871,0.152,Operations Manager | 12.5+ yrs experience with 12.5 years experience
CAND_0000339,872,0.152,HR Manager | Driving business outcomes with 1.6 years experience
CAND_0000491,873,0.152,Marketing Manager | 14.1+ yrs experience with 14.1 years experience
CAND_0000239,874,0.151,Project Manager | 4.4+ yrs experience with 4.4 years experience
CAND_0000371,875,0.151,Business Analyst | Driving business outcomes with 15.0 years experience
CAND_0000041,876,0.15,Operations Manager | Helping teams scale with 13.7 years experience
CAND_0000625,877,0.149,Accountant | 2.8+ yrs experience with 2.8 years experience
CAND_0000409,878,0.148,Business Analyst | Helping teams scale with 2.8 years experience
CAND_0000518,879,0.148,Operations Manager | 1.7+ yrs experience with 1.7 years experience
CAND_0000662,880,0.148,Business Analyst | Driving business outcomes with 2.3 years experience
CAND_0000861,881,0.148,Business Analyst | Helping teams scale with 2.0 years experience
CAND_0000076,882,0.147,Project Manager | Helping teams scale with 12.0 years experience
CAND_0000324,883,0.147,Graphic Designer | Helping teams scale with 2.7 years experience
CAND_0000169,884,0.146,Civil Engineer | Helping teams scale with 14.9 years experience
CAND_0000595,885,0.146,Civil Engineer | Helping teams scale with 2.9 years experience
CAND_0000765,886,0.146,Civil Engineer | 1.7+ yrs experience with 1.7 years experience
CAND_0000746,887,0.146,Marketing Manager | 9.8+ yrs experience with 9.8 years experience
CAND_0000303,888,0.145,Mechanical Engineer | Driving business outcomes with 2.3 years experience
CAND_0000908,889,0.144,HR Manager | 2.9+ yrs experience with 2.9 years experience
CAND_0000497,890,0.144,Project Manager | 1.6+ yrs experience with 1.6 years experience
CAND_0000246,891,0.144,Content Writer | 4.6+ yrs experience with 4.6 years experience
CAND_0000868,892,0.143,Civil Engineer | 2.9+ yrs experience with 2.9 years experience
CAND_0000904,893,0.142,Graphic Designer | Driving business outcomes with 2.5 years experience
CAND_0000833,894,0.142,Content Writer | Helping teams scale with 4.5 years experience
CAND_0000094,895,0.141,Graphic Designer | Driving business outcomes with 2.6 years experience
CAND_0000161,896,0.141,Accountant | Driving business outcomes with 12.4 years experience
CAND_0000281,897,0.14,Content Writer | Driving business outcomes with 1.5 years experience
CAND_0000658,898,0.139,Project Manager | Helping teams scale with 13.1 years experience
CAND_0000194,899,0.138,Business Analyst | Helping teams scale with 1.8 years experience
CAND_0000162,900,0.137,Business Analyst | 13.8+ yrs experience with 13.8 years experience
CAND_0000261,901,0.137,Content Writer | Driving business outcomes with 13.5 years experience
CAND_0000089,902,0.137,Mechanical Engineer | Driving business outcomes with 1.1 years experience
CAND_0000986,903,0.136,Project Manager | 12.4+ yrs experience with 12.4 years experience
CAND_0000968,904,0.136,HR Manager | Helping teams scale with 13.4 years experience
CAND_0000940,905,0.135,Project Manager | Driving business outcomes with 14.9 years experience
CAND_0000504,906,0.135,Graphic Designer | Helping teams scale with 14.8 years experience
CAND_0000334,907,0.133,Business Analyst | Helping teams scale with 1.4 years experience
CAND_0000163,908,0.132,Marketing Manager | Driving business outcomes with 12.3 years experience
CAND_0000439,909,0.131,Accountant | 13.5+ yrs experience with 13.5 years experience
CAND_0000123,910,0.131,Marketing Manager | Helping teams scale with 10.0 years experience
CAND_0000660,911,0.13,Accountant | Helping teams scale with 1.1 years experience
CAND_0000047,912,0.129,Project Manager | Helping teams scale with 2.4 years experience
CAND_0000366,913,0.129,Content Writer | Driving business outcomes with 1.7 years experience
CAND_0000838,914,0.129,Operations Manager | 14.4+ yrs experience with 14.4 years experience
CAND_0000069,915,0.129,Business Analyst | 13.0+ yrs experience with 13.0 years experience
CAND_0000823,916,0.128,Marketing Manager | Driving business outcomes with 13.2 years experience
CAND_0000514,917,0.128,Operations Manager | 12.2+ yrs experience with 12.2 years experience
CAND_0000960,918,0.127,Mechanical Engineer | 14.9+ yrs experience with 14.9 years experience
CAND_0000289,919,0.127,Content Writer | 13.3+ yrs experience with 13.3 years experience
CAND_0000537,920,0.127,Operations Manager | Helping teams scale with 12.1 years experience
CAND_0000291,921,0.125,Content Writer | 12.9+ yrs experience with 12.9 years experience
CAND_0000939,922,0.125,HR Manager | Driving business outcomes with 1.9 years experience
CAND_0000583,923,0.124,Graphic Designer | Driving business outcomes with 13.5 years experience
CAND_0000714,924,0.124,Graphic Designer | Helping teams scale with 14.9 years experience
CAND_0000446,925,0.123,HR Manager | Helping teams scale with 9.4 years experience
CAND_0000713,926,0.123,Marketing Manager | Helping teams scale with 2.9 years experience
CAND_0000111,927,0.122,Graphic Designer | Helping teams scale with 2.5 years experience
CAND_0000306,928,0.121,Graphic Designer | Driving business outcomes with 12.6 years experience
CAND_0000342,929,0.121,Operations Manager | Helping teams scale with 13.2 years experience
CAND_0000309,930,0.121,HR Manager | 9.4+ yrs experience with 9.4 years experience
CAND_0000471,931,0.12,HR Manager | Helping teams scale with 2.1 years experience
CAND_0000597,932,0.119,Operations Manager | Helping teams scale with 14.1 years experience
CAND_0000659,933,0.119,HR Manager | 12.1+ yrs experience with 12.1 years experience
CAND_0000783,934,0.119,Operations Manager | Driving business outcomes with 1.5 years experience
CAND_0000037,935,0.117,Business Analyst | 14.3+ yrs experience with 14.3 years experience
CAND_0000318,936,0.117,Marketing Manager | 12.1+ yrs experience with 12.1 years experience
CAND_0000144,937,0.115,Graphic Designer | 14.7+ yrs experience with 14.7 years experience
CAND_0000800,938,0.115,Marketing Manager | Helping teams scale with 13.1 years experience
CAND_0000453,939,0.115,HR Manager | Driving business outcomes with 2.1 years experience
CAND_0000420,940,0.113,Mechanical Engineer | Helping teams scale with 14.5 years experience
CAND_0000028,941,0.111,Operations Manager | Driving business outcomes with 1.1 years experience
CAND_0000034,942,0.11,Business Analyst | Driving business outcomes with 14.5 years experience
CAND_0000321,943,0.11,Business Analyst | Helping teams scale with 12.1 years experience
CAND_0000073,944,0.11,Project Manager | 12.1+ yrs experience with 12.1 years experience
CAND_0000717,945,0.109,Civil Engineer | 2.4+ yrs experience with 2.4 years experience
CAND_0000052,946,0.109,Mechanical Engineer | Helping teams scale with 1.4 years experience
CAND_0000455,947,0.109,Graphic Designer | Helping teams scale with 12.5 years experience
CAND_0000551,948,0.107,Content Writer | 2.7+ yrs experience with 2.7 years experience
CAND_0000686,949,0.107,Marketing Manager | Helping teams scale with 14.3 years experience
CAND_0000276,950,0.107,Marketing Manager | Helping teams scale with 1.6 years experience
CAND_0000728,951,0.107,Graphic Designer | Driving business outcomes with 2.9 years experience
CAND_0000369,952,0.106,Business Analyst | Driving business outcomes with 2.0 years experience
CAND_0000412,953,0.106,Marketing Manager | Driving business outcomes with 2.5 years experience
CAND_0000563,954,0.106,Civil Engineer | Driving business outcomes with 2.4 years experience
CAND_0000636,955,0.106,Project Manager | 1.6+ yrs experience with 1.6 years experience
CAND_0000284,956,0.105,Graphic Designer | 2.4+ yrs experience with 2.4 years experience
CAND_0000148,957,0.104,Content Writer | Driving business outcomes with 13.9 years experience
CAND_0000017,958,0.103,Accountant | 12.3+ yrs experience with 12.3 years experience
CAND_0000896,959,0.102,Accountant | 13.6+ yrs experience with 13.6 years experience
CAND_0000413,960,0.102,HR Manager | 14.0+ yrs experience with 14.0 years experience
CAND_0000864,961,0.102,Civil Engineer | Driving business outcomes with 14.5 years experience
CAND_0000219,962,0.102,Mechanical Engineer | Helping teams scale with 14.9 years experience
CAND_0000672,963,0.102,Business Analyst | Helping teams scale with 2.1 years experience
CAND_0000720,964,0.101,Mechanical Engineer | Helping teams scale with 12.6 years experience
CAND_0000513,965,0.101,HR Manager | Driving business outcomes with 2.3 years experience
CAND_0000692,966,0.101,Marketing Manager | Helping teams scale with 12.8 years experience
CAND_0000100,967,0.099,Graphic Designer | Helping teams scale with 13.5 years experience
CAND_0000749,968,0.099,Mechanical Engineer | 12.1+ yrs experience with 12.1 years experience
CAND_0000036,969,0.099,Project Manager | 11.3+ yrs experience with 11.3 years experience
CAND_0000428,970,0.098,Civil Engineer | Driving business outcomes with 14.1 years experience
CAND_0000773,971,0.097,Project Manager | 13.0+ yrs experience with 13.0 years experience
CAND_0000188,972,0.097,Operations Manager | Helping teams scale with 12.1 years experience
CAND_0000731,973,0.095,Marketing Manager | 13.6+ yrs experience with 13.6 years experience
CAND_0000186,974,0.094,Marketing Manager | 12.4+ yrs experience with 12.4 years experience
CAND_0000882,975,0.093,Operations Manager | Helping teams scale with 2.4 years experience
CAND_0000983,976,0.091,Civil Engineer | Helping teams scale with 14.2 years experience
CAND_0000867,977,0.091,Content Writer | 12.7+ yrs experience with 12.7 years experience
CAND_0000270,978,0.09,Operations Manager | 14.4+ yrs experience with 14.4 years experience
CAND_0000502,979,0.088,HR Manager | Helping teams scale with 1.4 years experience
CAND_0000244,980,0.088,HR Manager | 1.3+ yrs experience with 1.3 years experience
CAND_0000846,981,0.086,HR Manager | Helping teams scale with 14.5 years experience
CAND_0000657,982,0.081,Content Writer | 2.3+ yrs experience with 2.3 years experience
CAND_0000798,983,0.08,Civil Engineer | Helping teams scale with 1.1 years experience
CAND_0000822,984,0.08,Marketing Manager | Driving business outcomes with 12.4 years experience
CAND_0000829,985,0.079,HR Manager | Driving business outcomes with 1.4 years experience
CAND_0000141,986,0.079,Accountant | Helping teams scale with 1.5 years experience
CAND_0000174,987,0.076,Marketing Manager | Driving business outcomes with 2.7 years experience
CAND_0000066,988,0.073,Content Writer | 2.4+ yrs experience with 2.4 years experience
CAND_0000546,989,0.07,Marketing Manager | 1.1+ yrs experience with 1.1 years experience
CAND_0000012,990,0.069,Operations Manager | Driving business outcomes with 1.1 years experience
CAND_0000754,991,0.068,Content Writer | 12.8+ yrs experience with 12.8 years experience
CAND_0000629,992,0.057,Accountant | Helping teams scale with 14.1 years experience
CAND_0000817,993,0.053,Accountant | Helping teams scale with 13.7 years experience
CAND_0000149,994,0.052,Graphic Designer | Helping teams scale with 14.9 years experience
CAND_0000171,995,0.049,Graphic Designer | 2.9+ yrs experience with 2.9 years experience
CAND_0000363,996,0.046,Accountant | Driving business outcomes with 2.1 years experience
CAND_0000230,997,0.046,Project Manager | Helping teams scale with 1.9 years experience
CAND_0000479,998,0.036,Content Writer | 13.1+ yrs experience with 13.1 years experience
CAND_0000995,999,0.034,Content Writer | 1.5+ yrs experience with 1.5 years experience
CAND_0000787,1000,0.015,Content Writer | 13.1+ yrs experience with 13.1 years experience
